family	role	sensitivity	simt_tag	simt_st	simt_wall_us	simt_C_meas	simt_body_instr	simt_IPC	d_tag	d_st	d_wall_us	d_C_meas	d_body_instr	d_IPC	v_tag	v_st	v_wall_us	v_C_meas	v_body_instr	v_IPC	note
CF1	primary	One Parallel if vs scalar thresh; scores KEEP (K=1)	cf1_e256_k1_t32_keep	PASS	1.15	576	137	0.238		—	—	—	—	—	cf1v_e256_k1_t64_keep	PASS	1.17	577	106	0.184	KEEP; no CF1d k1 primary
CF1	primary	One Parallel if vs scalar thresh; scores KEEP (K=8)	cf1_e256_k8_t32_keep	PASS	0.97	309	256	0.828	cf1d_e256_k8_t32_keep	PASS	0.90	—	—	—	cf1v_e256_k8_t64_keep	PASS	1.01	301	308	1.023	KEEP thresh kill; *d wall-only; near-parity
CF2	primary	Same if; remat + kill-in-shared	cf2_e256_k8_t32_remat	PASS	1.95	2041	362	0.177	cf2d_e256_k8_t32_remat	PASS	0.90	—	—	—	cf2v_e256_k8_t64_remat	PASS	1.04	356	425	1.194	SIMD beats Simt (remat+publish)
CF3	primary	remat_idx only (kill/select by rematted i)	cf3_e256_k8_t32_remat_idx	PASS	1.33	851	272	0.320	cf3d_e256_k8_t32_remat_idx	PASS	0.83	—	—	—	cf3v_e256_k8_t64_remat_idx	PASS	1.02	321	380	1.184	SIMD beats Simt (remat i in CF)
CF6	primary	Newton recip + near-0 / fixed N_FAST; pnear=5%	cf6_e256_t32_pnear5	PASS	1.37	961	192	0.200	cf6d_e256_t32_pnear5	PASS	0.92	—	—	—	cf6v_e256_t64_pnear5	PASS	12.35	463	6746	14.570	*d beats Simt; *v ABI tax; pnear25 flat
CF4	appendix	Nested if (2-level); p_fat=5% skew	cf4_e256_t32_pfat5	PASS	1.23	758	212	0.280	cf4d_e256_t32_pfat5	PASS	0.89	—	—	—	cf4v_e256_t64_pfat5	PASS	0.93	147	136	0.925	divergence experiment — not primary; pfat flat
CF4	appendix	Nested if (2-level); p_fat=25% skew	cf4_e256_t32_pfat25	PASS	1.25	781	212	0.271	cf4d_e256_t32_pfat25	PASS	0.89	—	—	—	cf4v_e256_t64_pfat25	PASS	0.93	147	136	0.925	divergence experiment — not primary; pfat flat
CF5	appendix	Div + near-0 range branch (ULP); pnear=5%	cf5_e256_t32_pnear5	PASS	1.18	657	149	0.227	cf5d_e256_t32_pnear5	PASS	0.89	—	—	—	cf5v_e256_t64_pnear5	PASS	6.23	529	3211	6.070	divergence experiment — not primary; *v ABI tax
CF5	appendix	Div + near-0 range branch (ULP); pnear=25%	cf5_e256_t32_pnear25	PASS	1.18	656	149	0.227	cf5d_e256_t32_pnear25	PASS	0.89	—	—	—	cf5v_e256_t64_pnear25	PASS	6.23	529	3211	6.070	divergence experiment — not primary; pnear flat
CF6	appendix	Newton recip + near-0 / fixed N_FAST; pnear=25%	cf6_e256_t32_pnear25	PASS	1.37	961	192	0.200	cf6d_e256_t32_pnear25	PASS	0.93	—	—	—	cf6v_e256_t64_pnear25	PASS	12.35	463	6746	14.570	flat twin of primary pnear5 — not a separate primary row
CF6b	appendix	Fat-hard / thin-easy Newton+Horner; phard=5%	cf6b_e256_t32_phard5	PASS	2.02	—	—	—	cf6bd_e256_t32_phard5	PASS	1.08	—	—	—		—	—	—	—	—	divergence experiment — not primary; no *v
CF6b	appendix	Fat-hard / thin-easy Newton+Horner; phard=25%	cf6b_e256_t32_phard25	PASS	2.02	—	—	—	cf6bd_e256_t32_phard25	PASS	1.08	—	—	—		—	—	—	—	—	divergence experiment — not primary; phard flat
