family	shape	simt_tag	simt_st	simt_wall_us	simt_C_meas	simt_body_instr	simt_IPC	d_tag	d_st	d_wall_us	d_C_meas	d_body_instr	d_IPC	d_EXIPC	v_tag	v_st	v_wall_us	v_C_meas	v_body_instr	v_IPC	note
SV1	E256 T32/T64	sv1_e256_t32	PASS	1.21	727	131	0.180	sv1d_e256_t32	PASS	0.89	59	20	0.339	—	sv1v_e256_t64	PASS	0.90	91	62	0.681	stream baseline
SV1	E2048 T32/T64	sv1_e2048_t32	PASS	2.58	2625	515	0.196		—	—	—	—	—		sv1v_e2048_t64	PASS	1.25	343	426	1.242	stream large; *d no E2048 primary
SV2	R16×C64 input_keep	sv2_r16_c64_t32_input_keep	COMPILE_FAIL	—	—	—	—	sv2d_r16_c64_t32_input_keep	PASS	0.92	136	151	1.110	—		—	—	—	—	—	KEEP; Simt may COMPILE_FAIL
SV2	R16×C32 input_keep (fallback)	sv2_r16_c32_t32_input_keep	PASS	1.16	530	192	0.362		—	—	—	—	—			—	—	—	—	—	ABI fallback when C64 keep fails
SV2	R32×C64 input_stream	sv2_r32_c64_t32_input_stream	PASS	3.60	4941	735	0.149	sv2d_r32_c64_t32_input_stream	PASS	1.01	172	230	1.337	—		—	—	—	—	—	STREAM primary
SV2	R32×C128 input_stream	sv2_r32_c128_t32_input_stream	PASS	8.49	13500	1579	0.117	sv2d_r32_c128_t32_input_stream	PASS	1.34	253	422	1.668	—		—	—	—	—	—	STREAM wide-C
SV2	R32×C64 fold_scale_reload foil	sv2_r32_c64_t32_reload	PASS	4.42	6411	833	0.130	sv2d_r32_c64_t32_fold_scale_reload	PASS	1.45	976	294	0.301	—		—	—	—	—	—	optional scale-remat foil
SV3	M24 VL64 K16 keep	sv3_m24_vl64_k16_t32_keep	PASS	6.79	9105	2941	0.323	sv3d_m24_vl64_k16_t32_keep	PASS	3.14	824	1694	2.056	—	sv3v_m24_vl64_k16_t64_keep	PASS	4.57	5181	3621	0.699	Acc KEEP
SV3	M32 VL64 K16 keep	sv3_m32_vl64_k16_t32_keep	PASS	8.63	11874	4032	0.340	sv3d_m32_vl64_k16_t32_keep	PASS	12.29	16230	2761	0.170	—	sv3v_m32_vl64_k16_t64_keep	PASS	5.81	6861	4800	0.700	Acc KEEP
SV3	M32 VL64 K16 split_cm16	sv3_m32_vl64_k16_t32_split_cm16	PASS	7.79	10384	3680	0.354	sv3d_m32_vl64_k16_t32_split_cm16	PASS	6.88	6469	2366	0.366	—	sv3v_m32_vl64_k16_t64_split_cm16	PASS	5.84	6950	4882	0.702	chunk flush
SV4	E256 B8 keep_idx	sv4_e256_b8_t32_keep_idx	PASS	1.67	1372	494	0.360	sv4d_e256_b8_t32_keep_idx	PASS	1.02	120	118	0.983	—		—	—	—	—	—	idxs+acc KEEP; *v COMPILE_FAIL
SV4	E256 B8 remat_idx(_calc)	sv4_e256_b8_t32_remat_idx_calc	PASS	1.62	1156	472	0.408	sv4d_e256_b8_t32_remat_idx	PASS	1.02	120	118	0.983	—		—	—	—	—	—	Simt remat_idx_calc ↔ *d remat_idx
SV5	R64 C128 G16 keep_in_rf	sv5_r64_c128_g16_t32_keep_in_rf	PASS	7.04	10641	1159	0.109	sv5d_r64_c128_g16_t32_keep_in_rf	PASS	18.72	27057	56613	2.092	—		—	—	—	—	—	*v keep COMPILE_FAIL
SV5	R64 C128 G16 ub_stream	sv5_r64_c128_g16_t32_ub_stream	PASS	4.18	5506	1201	0.218	sv5d_r64_c128_g16_t32_ub_stream	PASS	13.06	16846	40229	2.388	—	sv5v_r64_c128_g16_t64_ub_stream	PASS	109.4	958	1455	1.519	Case-3; *v wall scalar-transpose dominated; C_RVEC=11817
SV6	R64 C128 G32 keep_in_warp	sv6_r64_c128_g32_t32_keep_in_warp	PASS	14.83	24697	2270	0.092	sv6d_r64_c128_g32_t32_keep_in_warp	PASS	38.83	65444	61228	0.936	—		—	—	—	—	—	*v keep COMPILE_FAIL
SV6	R64 C128 G32 reload	sv6_r64_c128_g32_t32_reload	PASS	12.58	20748	2209	0.106	sv6d_r64_c128_g32_t32_reload	PASS	11.66	16522	38949	2.357	—	sv6v_r64_c128_g32_t64_reload	PASS	101.2	1099	1483	1.349	Case-3; *v wall scalar-transpose dominated; C_RVEC=11397
SV7	R64 C128 G64 multiwarp_ub	sv7_r64_c128_g64_t32_multiwarp_ub	PASS	7.32	11182	1270	0.114	sv7d_r64_c128_g64_t32_multiwarp_ub	PASS	12.83	19700	43430	2.205	—	sv7v_r64_c128_g64_t64_multiwarp_ub	PASS	97.16	985	1469	1.491	Case-3; *v wall scalar-transpose dominated; C_RVEC=13570
SV7	R64 C128 G64 reload	sv7_r64_c128_g64_t32_reload	PASS	14.54	24339	2177	0.089	sv7d_r64_c128_g64_t32_reload	PASS	11.10	16592	38245	2.305	—	sv7v_r64_c128_g64_t64_reload	PASS	97.16	1002	1417	1.414	Case-3; *v wall scalar-transpose dominated; C_RVEC=13457
SV7	R64 C128 G128 multiwarp_ub	sv7_r64_c128_g128_t32_multiwarp_ub	PASS	15.42	25948	2307	0.089	sv7d_r64_c128_g128_t32_multiwarp_ub	PASS	12.59	19837	43173	2.176	—		—	—	—	—	—	
SV7	R64 C128 G128 reload	sv7_r64_c128_g128_t32_reload	PASS	14.58	24423	2161	0.088	sv7d_r64_c128_g128_t32_reload	PASS	10.79	16570	37989	2.293	—	sv7v_r64_c128_g128_t64_reload	PASS	95.43	950	1418	1.493	Case-3; *v wall scalar-transpose dominated; C_RVEC=12782
SV8	R64 C128 G16 live	sv8_r64_c128_g16_t32_live	PASS	17.04	28402	3986	0.140	sv8d_r64_c128_g16_t32_live	PASS	19.56	31843	43846	1.377	—		—	—	—	—	—	*v COMPILE_FAIL historically
SV8	R64 C128 G16 spill_dist	sv8_r64_c128_g16_t32_spill_dist	PASS	18.23	30545	4210	0.138	sv8d_r64_c128_g16_t32_spill_dist	PASS	20.28	33145	44168	1.333	—		—	—	—	—	—	
SV9	E256 K8 keep	sv9_e256_k8_t32_keep	PASS	1.48	1122	557	0.496	sv9d_e256_k8_t32_keep	PASS	1.09	521	227	0.436	—		—	—	—	—	—	*v COMPILE_FAIL
SV9	E256 K8 remat_scores	sv9_e256_k8_t32_remat_scores	PASS	2.02	2094	621	0.297	sv9d_e256_k8_t32_remat_scores	PASS	1.00	271	296	1.092	—		—	—	—	—	—	
SV9	E256 K8 remat_idx	sv9_e256_k8_t32_remat_idx	PASS	1.48	1122	557	0.496	sv9d_e256_k8_t32_remat_idx	PASS	1.09	521	227	0.436	—		—	—	—	—	—	
SV2 HIST	R32×C32 frag_live	sv2_r32_c32_t32_frag_live	PASS	4.93	7379	743	0.101														HISTORICAL pre-align
SV2 HIST	R32×C32 reload	sv2_r32_c32_t32_reload	PASS	4.24	6077	585	0.096														HISTORICAL pre-align
