section	case	role	shape	simt_arm	simt_tag	simt_st	simt_VF_total	simt_is_best	simt_metric	simt_source	simt_wall_us	d_best_arm	d_best_tag	d_VF_total	d_metric	d_source	d_wall_us	d_arms_VF	ratio_simt_over_d	blank_reason
SV	SV1	primary	E256	stream	sv1_e256_t32	PASS	727	Y	Σ VF_SIMT (harvester sums all VF_SIMT rows by name)	reused simt_simd_e2e_20261007.tsv	1.21	stream	sv1d_e256_t32	59	Σ VF (1 row/1 launch)	re-run 2026-10-08 opsim pto-b10 /tmp/vfc_20261008/out_d	0.89	stream=59	12.32	
SV	SV1	primary	E2048	stream	sv1_e2048_t32	PASS	2625	Y	Σ VF_SIMT (harvester sums all VF_SIMT rows by name)	reused simt_simd_e2e_20261007.tsv	2.58							—		*d: no *d at E2048
SV	SV2	primary	R16×C64	input_keep	sv2_r16_c64_t32_input_keep	COMPILE_FAIL			—	reused simt_simd_e2e_20261007.tsv		input_keep	sv2d_r16_c64_t32_input_keep	136	Σ VF (1 row/1 launch)	re-run 2026-10-08 opsim pto-b10 /tmp/vfc_20261008/out_d	0.92	input_keep=136		Simt: COMPILE_FAIL (layout_inference: no available layout found)
SV	SV2	primary	R16×C32	input_keep (ABI fallback)	sv2_r16_c32_t32_input_keep	PASS	530	Y	Σ VF_SIMT (harvester sums all VF_SIMT rows by name)	reused simt_simd_e2e_20261007.tsv	1.16							—		*d: no *d at C32
SV	SV2	primary	R32×C64	input_stream	sv2_r32_c64_t32_input_stream	PASS	4941	Y	Σ VF_SIMT (harvester sums all VF_SIMT rows by name)	reused simt_simd_e2e_20261007.tsv	3.60	input_stream	sv2d_r32_c64_t32_input_stream	172	Σ VF (1 row/1 launch)	re-run 2026-10-08 opsim pto-b10 /tmp/vfc_20261008/out_d	1.01	input_stream=172, fold_scale_keep=172, fold_scale_reload=976	28.73	
SV	SV2	primary	R32×C64	fold_scale_reload	sv2_r32_c64_t32_reload	PASS	6411		Σ VF_SIMT (harvester sums all VF_SIMT rows by name)	reused simt_simd_e2e_20261007.tsv	4.42	input_stream	sv2d_r32_c64_t32_input_stream	172	Σ VF (1 row/1 launch)	re-run 2026-10-08 opsim pto-b10 /tmp/vfc_20261008/out_d	1.01	input_stream=172, fold_scale_keep=172, fold_scale_reload=976	37.27	
SV	SV2	primary	R32×C128	input_stream	sv2_r32_c128_t32_input_stream	PASS	13500	Y	Σ VF_SIMT (harvester sums all VF_SIMT rows by name)	reused simt_simd_e2e_20261007.tsv	8.49	input_stream	sv2d_r32_c128_t32_input_stream	253	Σ VF (1 row/1 launch)	re-run 2026-10-08 opsim pto-b10 /tmp/vfc_20261008/out_d	1.34	input_stream=253	53.36	
SV	SV3	primary	M24 VL64 K16	keep	sv3_m24_vl64_k16_t32_keep	PASS	9105	Y	Σ VF_SIMT (harvester sums all VF_SIMT rows by name)	reused simt_simd_e2e_20261007.tsv	6.79	keep	sv3d_m24_vl64_k16_t32_keep	824	Σ VF (1 row/1 launch)	re-run 2026-10-08 opsim pto-b10 /tmp/vfc_20261008/out_d	3.14	keep=824	11.05	
SV	SV3	primary	M32 VL64 K16	keep	sv3_m32_vl64_k16_t32_keep	PASS	11874		Σ VF_SIMT (harvester sums all VF_SIMT rows by name)	reused simt_simd_e2e_20261007.tsv	8.63	split_cm16	sv3d_m32_vl64_k16_t32_split_cm16	6469	Σ VF (1 row/1 launch)	re-run 2026-10-08 opsim pto-b10 /tmp/vfc_20261008/out_d	6.88	keep=16,230, split_cm16=6,469	1.84	
SV	SV3	primary	M32 VL64 K16	split_cm16	sv3_m32_vl64_k16_t32_split_cm16	PASS	10384	Y	Σ VF_SIMT (harvester sums all VF_SIMT rows by name)	reused simt_simd_e2e_20261007.tsv	7.79	split_cm16	sv3d_m32_vl64_k16_t32_split_cm16	6469	Σ VF (1 row/1 launch)	re-run 2026-10-08 opsim pto-b10 /tmp/vfc_20261008/out_d	6.88	keep=16,230, split_cm16=6,469	1.61	
SV	SV4	primary	E256 B8	keep_idx	sv4_e256_b8_t32_keep_idx	PASS	1372		Σ VF_SIMT (1 row/1 launch)	re-harvested 10-07 opsim CSV (pto-b10)	1.67	keep_idx	sv4d_e256_b8_t32_keep_idx	120	Σ VF (1 row/1 launch)	re-run 2026-10-08 opsim pto-b10 /tmp/vfc_20261008/out_d	1.02	keep_idx=120, remat_idx=120	11.43	
SV	SV4	primary	E256 B8	remat_idx_calc	sv4_e256_b8_t32_remat_idx_calc	PASS	1156	Y	Σ VF_SIMT (1 row/1 launch)	re-harvested 10-07 opsim CSV (pto-b10)	1.62	keep_idx	sv4d_e256_b8_t32_keep_idx	120	Σ VF (1 row/1 launch)	re-run 2026-10-08 opsim pto-b10 /tmp/vfc_20261008/out_d	1.02	keep_idx=120, remat_idx=120	9.63	
SV	SV5	primary	R64 C128 G16	keep_in_rf	sv5_r64_c128_g16_t32_keep_in_rf	PASS	10641		Σ VF_SIMT (1 row/1 launch)	re-harvested 10-07 opsim CSV (pto-b10)	7.04	ub_stream	sv5d_r64_c128_g16_t32_ub_stream	16846	Σ VF (1 row/1 launch)	re-run 2026-10-08 opsim pto-b10 /tmp/vfc_20261008/out_d	13.06	keep_in_rf=27,057, ub_stream=16,846	0.63	
SV	SV5	primary	R64 C128 G16	ub_stream	sv5_r64_c128_g16_t32_ub_stream	PASS	5506	Y	Σ VF_SIMT (1 row/1 launch)	re-harvested 10-07 opsim CSV (pto-b10)	4.18	ub_stream	sv5d_r64_c128_g16_t32_ub_stream	16846	Σ VF (1 row/1 launch)	re-run 2026-10-08 opsim pto-b10 /tmp/vfc_20261008/out_d	13.06	keep_in_rf=27,057, ub_stream=16,846	0.33	
SV	SV6	primary	R64 C128 G32	keep_in_warp	sv6_r64_c128_g32_t32_keep_in_warp	PASS	24697		Σ VF_SIMT (1 row/1 launch)	re-harvested 10-07 opsim CSV (pto-b10)	14.83	reload	sv6d_r64_c128_g32_t32_reload	16522	Σ VF (1 row/1 launch)	re-run 2026-10-08 opsim pto-b10 /tmp/vfc_20261008/out_d	11.66	keep_in_warp=65,444, reload=16,522	1.49	
SV	SV6	primary	R64 C128 G32	reload	sv6_r64_c128_g32_t32_reload	PASS	20748	Y	Σ VF_SIMT (1 row/1 launch)	re-harvested 10-07 opsim CSV (pto-b10)	12.58	reload	sv6d_r64_c128_g32_t32_reload	16522	Σ VF (1 row/1 launch)	re-run 2026-10-08 opsim pto-b10 /tmp/vfc_20261008/out_d	11.66	keep_in_warp=65,444, reload=16,522	1.26	
SV	SV7	primary	R64 C128 G64	multiwarp_ub	sv7_r64_c128_g64_t32_multiwarp_ub	PASS	11182	Y	Σ VF_SIMT (1 row/1 launch)	re-harvested 10-07 opsim CSV (pto-b10)	7.32	reload	sv7d_r64_c128_g64_t32_reload	16592	Σ VF (1 row/1 launch)	re-run 2026-10-08 opsim pto-b10 /tmp/vfc_20261008/out_d	11.1	multiwarp_ub=19,700, reload=16,592	0.67	
SV	SV7	primary	R64 C128 G64	reload	sv7_r64_c128_g64_t32_reload	PASS	24339		Σ VF_SIMT (1 row/1 launch)	re-harvested 10-07 opsim CSV (pto-b10)	14.54	reload	sv7d_r64_c128_g64_t32_reload	16592	Σ VF (1 row/1 launch)	re-run 2026-10-08 opsim pto-b10 /tmp/vfc_20261008/out_d	11.1	multiwarp_ub=19,700, reload=16,592	1.47	
SV	SV7	primary	R64 C128 G128	multiwarp_ub	sv7_r64_c128_g128_t32_multiwarp_ub	PASS	25948		Σ VF_SIMT (1 row/1 launch)	re-harvested 10-07 opsim CSV (pto-b10)	15.42	reload	sv7d_r64_c128_g128_t32_reload	16570	Σ VF (1 row/1 launch)	re-run 2026-10-08 opsim pto-b10 /tmp/vfc_20261008/out_d	10.79	multiwarp_ub=19,837, reload=16,570	1.57	
SV	SV7	primary	R64 C128 G128	reload	sv7_r64_c128_g128_t32_reload	PASS	24423	Y	Σ VF_SIMT (1 row/1 launch)	re-harvested 10-07 opsim CSV (pto-b10)	14.58	reload	sv7d_r64_c128_g128_t32_reload	16570	Σ VF (1 row/1 launch)	re-run 2026-10-08 opsim pto-b10 /tmp/vfc_20261008/out_d	10.79	multiwarp_ub=19,837, reload=16,570	1.47	
SV	SV8	primary	R64 C128 G16	live	sv8_r64_c128_g16_t32_live	PASS	28402	Y	Σ VF_SIMT (harvester sums all VF_SIMT rows by name)	reused simt_simd_e2e_20261007.tsv	17.04	live	sv8d_r64_c128_g16_t32_live	31843	Σ VF (1 row/1 launch)	re-run 2026-10-08 opsim pto-b10 /tmp/vfc_20261008/out_d	19.56	live=31,843, spill_dist=33,145	0.89	
SV	SV8	primary	R64 C128 G16	spill_dist	sv8_r64_c128_g16_t32_spill_dist	PASS	30545		Σ VF_SIMT (harvester sums all VF_SIMT rows by name)	reused simt_simd_e2e_20261007.tsv	18.23	live	sv8d_r64_c128_g16_t32_live	31843	Σ VF (1 row/1 launch)	re-run 2026-10-08 opsim pto-b10 /tmp/vfc_20261008/out_d	19.56	live=31,843, spill_dist=33,145	0.96	
SV	SV9	primary	E256 K8	keep	sv9_e256_k8_t32_keep	PASS	1122	Y	Σ VF_SIMT (harvester sums all VF_SIMT rows by name)	reused simt_simd_e2e_20261007.tsv	1.48	remat_scores	sv9d_e256_k8_t32_remat_scores	271	Σ VF (1 row/1 launch)	re-run 2026-10-08 opsim pto-b10 /tmp/vfc_20261008/out_d	1.00	keep=521, remat_scores=271, remat_idx=521	4.14	
SV	SV9	primary	E256 K8	remat_scores	sv9_e256_k8_t32_remat_scores	PASS	2094		Σ VF_SIMT (harvester sums all VF_SIMT rows by name)	reused simt_simd_e2e_20261007.tsv	2.02	remat_scores	sv9d_e256_k8_t32_remat_scores	271	Σ VF (1 row/1 launch)	re-run 2026-10-08 opsim pto-b10 /tmp/vfc_20261008/out_d	1.00	keep=521, remat_scores=271, remat_idx=521	7.73	
SV	SV9	primary	E256 K8	remat_idx	sv9_e256_k8_t32_remat_idx	PASS	1122		Σ VF_SIMT (harvester sums all VF_SIMT rows by name)	reused simt_simd_e2e_20261007.tsv	1.48	remat_scores	sv9d_e256_k8_t32_remat_scores	271	Σ VF (1 row/1 launch)	re-run 2026-10-08 opsim pto-b10 /tmp/vfc_20261008/out_d	1.00	keep=521, remat_scores=271, remat_idx=521	4.14	
CF	CF1	primary	E256 K1	keep	cf1_e256_k1_t32_keep	PASS	576	Y	Σ VF_SIMT (harvester sums all VF_SIMT rows by name)	reused simt_simd_e2e_cf_20261007.tsv	1.15							—		*d: no CF1d K1
CF	CF1	primary	E256 K8	keep	cf1_e256_k8_t32_keep	PASS	309	Y	Σ VF_SIMT (harvester sums all VF_SIMT rows by name)	reused simt_simd_e2e_cf_20261007.tsv	0.97	keep	cf1d_e256_k8_t32_keep	105	Σ VF (1 row/1 launch)	re-run 2026-10-08 opsim pto-b10 /tmp/vfc_20261008/out_d	0.9	keep=105	2.94	
CF	CF2	primary	E256 K8	remat+shared-kill	cf2_e256_k8_t32_remat	PASS	2041	Y	Σ VF_SIMT (harvester sums all VF_SIMT rows by name)	reused simt_simd_e2e_cf_20261007.tsv	1.95	remat	cf2d_e256_k8_t32_remat	113	Σ VF (1 row/1 launch)	re-run 2026-10-08 opsim pto-b10 /tmp/vfc_20261008/out_d	0.9	remat=113	18.06	
CF	CF3	primary	E256 K8	remat_idx	cf3_e256_k8_t32_remat_idx	PASS	851	Y	Σ VF_SIMT (harvester sums all VF_SIMT rows by name)	reused simt_simd_e2e_cf_20261007.tsv	1.33	remat_idx	cf3d_e256_k8_t32_remat_idx	105	Σ VF (1 row/1 launch)	re-run 2026-10-08 opsim pto-b10 /tmp/vfc_20261008/out_d	0.83	remat_idx=105	8.10	
CF	CF6	primary	E256 pnear5	newton	cf6_e256_t32_pnear5	PASS	961	Y	Σ VF_SIMT (harvester sums all VF_SIMT rows by name)	reused simt_simd_e2e_cf_20261007.tsv	1.37	newton	cf6d_e256_t32_pnear5	129	Σ VF (1 row/1 launch)	re-run 2026-10-08 opsim pto-b10 /tmp/vfc_20261008/out_d	0.93	newton=129	7.45	
CF	CF6	appendix	E256 pnear25	newton	cf6_e256_t32_pnear25	PASS	961	Y	Σ VF_SIMT (harvester sums all VF_SIMT rows by name)	reused simt_simd_e2e_cf_20261007.tsv	1.37	newton	cf6d_e256_t32_pnear25	129	Σ VF (1 row/1 launch)	re-run 2026-10-08 opsim pto-b10 /tmp/vfc_20261008/out_d	0.93	newton=129	7.45	
CF	CF4	appendix	E256 pfat5	nested_if	cf4_e256_t32_pfat5	PASS	758	Y	Σ VF_SIMT (harvester sums all VF_SIMT rows by name)	reused simt_simd_e2e_cf_20261007.tsv	1.23	nested_if	cf4d_e256_t32_pfat5	70	Σ VF (1 row/1 launch)	re-run 2026-10-08 opsim pto-b10 /tmp/vfc_20261008/out_d	0.89	nested_if=70	10.83	
CF	CF4	appendix	E256 pfat25	nested_if	cf4_e256_t32_pfat25	PASS	781	Y	Σ VF_SIMT (harvester sums all VF_SIMT rows by name)	reused simt_simd_e2e_cf_20261007.tsv	1.25	nested_if	cf4d_e256_t32_pfat25	70	Σ VF (1 row/1 launch)	re-run 2026-10-08 opsim pto-b10 /tmp/vfc_20261008/out_d	0.89	nested_if=70	11.16	
CF	CF5	appendix	E256 pnear5	div_ulp	cf5_e256_t32_pnear5	PASS	657	Y	Σ VF_SIMT (harvester sums all VF_SIMT rows by name)	reused simt_simd_e2e_cf_20261007.tsv	1.18	div_ulp	cf5d_e256_t32_pnear5	74	Σ VF (1 row/1 launch)	re-run 2026-10-08 opsim pto-b10 /tmp/vfc_20261008/out_d	0.89	div_ulp=74	8.88	
CF	CF5	appendix	E256 pnear25	div_ulp	cf5_e256_t32_pnear25	PASS	656	Y	Σ VF_SIMT (harvester sums all VF_SIMT rows by name)	reused simt_simd_e2e_cf_20261007.tsv	1.18	div_ulp	cf5d_e256_t32_pnear25	74	Σ VF (1 row/1 launch)	re-run 2026-10-08 opsim pto-b10 /tmp/vfc_20261008/out_d	0.89	div_ulp=74	8.86	
SP	SP1	primary	T32 K2 H128 G32	keep_pos	sp1_t32_k2_h128_g32_t32_keep_pos	PASS	19881		Σ VF_SIMT (1 row/1 launch)	re-harvested 10-07 opsim CSV (pto-b10)	12.63	keep_pos (vscatter)	sp1d_t32_k2_h128_g32_t32_keep_pos	31424	Σ VF (1 row/1 launch)	re-run 2026-10-08 SP align fix /tmp/sp_align_20261008/out	19.04	keep_pos=31424	0.63	
SP	SP1	primary	T32 K2 H128 G32	remat_pos	sp1_t32_k2_h128_g32_t32_remat_pos	PASS	17290	Y	Σ VF_SIMT (1 row/1 launch)	re-harvested 10-07 opsim CSV (pto-b10)	11.19	keep_pos (vscatter)	sp1d_t32_k2_h128_g32_t32_keep_pos	31424	Σ VF (1 row/1 launch)	re-run 2026-10-08 SP align fix /tmp/sp_align_20261008/out	19.04	keep_pos=31424	0.55	
SP	SP2	primary	T32 K2 H128 G32	sf0_w0+keep_acc	sp2_t32_k2_h128_g32_t32_sf0_w0_keep_acc	PASS	13738	Y	Σ VF_SIMT (1 row/1 launch)	re-harvested 10-07 opsim CSV (pto-b10)	9.19	sf0_w0+keep_acc	sp2d_t32_k2_h128_g32_t32_sf0_w0_keep_acc	837	Σ VF (1 row/1 launch)	re-run 2026-10-08 SP align fix /tmp/sp_align_20261008/out	2.02	sf0_w0+keep_acc=837, sf0_w0+remat_acc=837, sf1_w1+keep_acc=2301, sf1_w1+remat_acc=2301	16.41	
SP	SP2	primary	T32 K2 H128 G32	sf1_w1+keep_acc	sp2_t32_k2_h128_g32_t32_sf1_w1_keep_acc	PASS	23958		Σ VF_SIMT (1 row/1 launch)	re-harvested 10-07 opsim CSV (pto-b10)	14.88	sf0_w0+keep_acc	sp2d_t32_k2_h128_g32_t32_sf0_w0_keep_acc	837	Σ VF (1 row/1 launch)	re-run 2026-10-08 SP align fix /tmp/sp_align_20261008/out	2.02	sf0_w0+keep_acc=837, sf0_w0+remat_acc=837, sf1_w1+keep_acc=2301, sf1_w1+remat_acc=2301	28.62	
SP	SP2	primary	T32 K2 H128 G32	sf1_w1+remat_acc	sp2_t32_k2_h128_g32_t32_sf1_w1_remat_acc	PASS	37255		Σ VF_SIMT (1 row/1 launch)	re-harvested 10-07 opsim CSV (pto-b10)	22.27	sf0_w0+keep_acc	sp2d_t32_k2_h128_g32_t32_sf0_w0_keep_acc	837	Σ VF (1 row/1 launch)	re-run 2026-10-08 SP align fix /tmp/sp_align_20261008/out	2.02	sf0_w0+keep_acc=837, sf0_w0+remat_acc=837, sf1_w1+keep_acc=2301, sf1_w1+remat_acc=2301	44.51	
SP	SP2	primary	T32 K2 H128 G32	sf0_w0+remat_acc	sp2_t32_k2_h128_g32_t32_sf0_w0_remat_acc	PASS	18944		Σ VF_SIMT (1 row/1 launch)	re-harvested 10-07 opsim CSV (pto-b10)	12.08	sf0_w0+keep_acc	sp2d_t32_k2_h128_g32_t32_sf0_w0_keep_acc	837	Σ VF (1 row/1 launch)	re-run 2026-10-08 SP align fix /tmp/sp_align_20261008/out	2.02	sf0_w0+keep_acc=837, sf0_w0+remat_acc=837, sf1_w1+keep_acc=2301, sf1_w1+remat_acc=2301	22.63	
SP	SP2	primary	T32 K2 H128 G32	sf1_w1+keep_pos (legacy)	sp2_t32_k2_h128_g32_t32_sf1_w1_keep_pos	PASS	23805		Σ VF_SIMT (1 row/1 launch)	re-harvested 10-07 opsim CSV (pto-b10)	14.79	sf0_w0+keep_acc	sp2d_t32_k2_h128_g32_t32_sf0_w0_keep_acc	837	Σ VF (1 row/1 launch)	re-run 2026-10-08 SP align fix /tmp/sp_align_20261008/out	2.02	sf0_w0+keep_acc=837, sf0_w0+remat_acc=837, sf1_w1+keep_acc=2301, sf1_w1+remat_acc=2301	28.44	*d: no legacy Pos arms in SP2d (Acc×sf/w only); ratio vs best Acc arm
SP	SP2	primary	T32 K2 H128 G32	sf1_w1+remat_pos (legacy)	sp2_t32_k2_h128_g32_t32_sf1_w1_remat_pos	PASS	21171		Σ VF_SIMT (1 row/1 launch)	re-harvested 10-07 opsim CSV (pto-b10)	13.35	sf0_w0+keep_acc	sp2d_t32_k2_h128_g32_t32_sf0_w0_keep_acc	837	Σ VF (1 row/1 launch)	re-run 2026-10-08 SP align fix /tmp/sp_align_20261008/out	2.02	sf0_w0+keep_acc=837, sf0_w0+remat_acc=837, sf1_w1+keep_acc=2301, sf1_w1+remat_acc=2301	25.29	*d: no legacy Pos arms in SP2d (Acc×sf/w only); ratio vs best Acc arm
SP	SP3	primary	M32 H128 G32 fp32	fp32	sp3_m32_h128_g32_t32_fp32	PASS	11158	Y	Σ VF_SIMT (1 row/1 launch)	re-harvested 10-07 opsim CSV (pto-b10)	7.45	fp32	sp3d_m32_h128_g32_t32_fp32	349	Σ VF (1 row/1 launch)	re-run 2026-10-08 SP align fix /tmp/sp_align_20261008/out	1.44	fp32=349	31.97	
SP	SP3	primary	M32 H128 G32 e8m0	e8m0 (A5 bit-reinterpret)	sp3_m32_h128_g32_t32_e8m0	PASS	11171	Y	Σ VF_SIMT (1 row/1 launch)	re-harvested 10-07 opsim CSV (pto-b10)	7.45	e8m0 (VL-aligned continuous)	sp3d_m32_h128_g32_t32_e8m0	311	Σ VF (1 row/1 launch)	re-run 2026-10-08 SP align fix /tmp/sp_align_20261008/out	1.39	e8m0=311	35.92	
SP	SP4	primary	E64 H128 pad25	pad25	sp4_e64_h128_t32_pad25	PASS	13968	Y	Σ VF_SIMT (1 row/1 launch)	re-harvested 10-07 opsim CSV (pto-b10)	9.63							—		*d: no *d twin
SP	SP5	primary	N64 H128 G32 QG32	sideband	sp5_n64_h128_g32_qg32_t32_sideband	PASS	52001	Y	Σ VF_SIMT (1 row/1 launch)	re-harvested 10-07 opsim CSV (pto-b10)	30.44							—		*d: no *d twin
SP	SP5	primary	N64 H128 G32 QG32	interleave	sp5_n64_h128_g32_qg32_t32_interleave	PASS	54655		Σ VF_SIMT (1 row/1 launch)	re-harvested 10-07 opsim CSV (pto-b10)	31.92							—		*d: no *d twin
SP	SP6	appendix	N32 H128 G32	unpack	sp6_n32_h128_g32_t32_unpack	PASS	7813	Y	Σ VF_SIMT (1 row/1 launch)	re-harvested 10-07 opsim CSV (pto-b10)	5.35	unpack+vselr	sp6d_n32_h128_g32_t32_unpack_vselr	393	Σ VF (1 row/1 launch)	SP6d opsim 2026-10-08 /tmp/sp6d_20261008	1.22	gather=534, vselr=393	19.88	
SP	SP6	appendix	N32 H128 G32	unpack_sf	sp6_n32_h128_g32_t32_unpack_sf	PASS	18727		Σ VF_SIMT (1 row/1 launch)	re-harvested 10-07 opsim CSV (pto-b10)	11.42	unpack_sf+vselr	sp6d_n32_h128_g32_t32_unpack_sf_vselr	707	Σ VF (1 row/1 launch)	SP6d opsim 2026-10-08 /tmp/sp6d_20261008	1.40	gather=826, vselr=707	26.49	
