TAG	PASS	us	IPC_proxy	maxabs
sv5_r64_c128_g16_t32_keep_in_rf	PASS	7.04	0.110	1.1920928955078125e-07
sv5_r64_c128_g16_t32_ub_stream	PASS	4.18	0.220	1.1920928955078125e-07
sv5v_r64_c128_g16_t64_ub_stream	PASS	109.39	-	0.0
sv6_r64_c128_g32_t32_keep_in_warp	PASS	14.83	0.092	5.960464477539063e-08
sv6_r64_c128_g32_t32_reload	PASS	12.58	0.107	5.960464477539063e-08
sv6v_r64_c128_g32_t64_reload	PASS	101.22	-	0.0
sv7_r64_c128_g128_t32_multiwarp_ub	PASS	15.42	0.089	2.9802322387695312e-08
sv7_r64_c128_g128_t32_reload	PASS	14.58	0.089	2.9802322387695312e-08
sv7_r64_c128_g64_t32_multiwarp_ub	PASS	7.32	0.114	2.9802322387695312e-08
sv7_r64_c128_g64_t32_reload	PASS	14.54	0.090	2.9802322387695312e-08
sv7v_r64_c128_g128_t64_multiwarp_ub	PASS	95.44	-	0.0
sv7v_r64_c128_g128_t64_reload	PASS	95.43	-	0.0
sv7v_r64_c128_g64_t64_multiwarp_ub	PASS	97.16	-	0.0
sv7v_r64_c128_g64_t64_reload	PASS	97.16	-	0.0
