TAG	arm	W	W_loop	W_thr	I_assum	O	C_pred	us_pred	C_meas	meas_src	us_meas	ratio	IPC_meas	freq_implied	verdict
sv5_r64_c128_g16_t32_keep_in_rf	keep_in_rf	42496	0	1328.0	0.2	550	7190.0	3.994	10641	VF_SIMT	5.91	1.48	0.1089	1.801e+09	OK
sv5_r64_c128_g16_t32_ub_stream	ub_stream	34304	0	1072.0	0.2	300	5660.0	3.144	5506	VF_SIMT	3.06	0.9728	0.2181	1.799e+09	OK
sv5v_r64_c128_g16_t64_ub_stream	ub_stream	34304	0	536.0	0.85	300	931.0	0.517	11817	RVEC pipes	1.8	12.69	0.1261	6.565e+09	OUTLIER_SLOW
sv6_r64_c128_g32_t32_keep_in_warp	keep_in_warp	107264	65536	3352.0	0.1	550	34070.0	18.928	24697	VF_SIMT	13.72	0.7249	0.09191	1.8e+09	OK
sv6_r64_c128_g32_t32_reload	reload	66304	32768	2072.0	0.1	300	21020.0	11.678	20748	VF_SIMT	11.53	0.9871	0.1065	1.799e+09	OK
sv6v_r64_c128_g32_t64_reload	reload	33536	0	524.0	0.85	300	917.0	0.509	11397	RVEC pipes	2.2	12.43	0.136	5.18e+09	OUTLIER_SLOW
sv7_r64_c128_g128_t32_multiwarp_ub	multiwarp_ub	66496	32768	2078.0	0.1	950	21730.0	12.072	25948	VF_SIMT	14.42	1.194	0.08891	1.799e+09	OK
sv7_r64_c128_g128_t32_reload	reload	65728	32768	2054.0	0.1	300	20840.0	11.578	24423	VF_SIMT	13.57	1.172	0.08848	1.8e+09	OK
sv7_r64_c128_g64_t32_multiwarp_ub	multiwarp_ub	34688	0	1084.0	0.2	950	6370.0	3.539	11182	VF_SIMT	6.21	1.755	0.1136	1.801e+09	OK
sv7_r64_c128_g64_t32_reload	reload	65920	32768	2060.0	0.1	300	20900.0	11.611	24339	VF_SIMT	13.52	1.165	0.08944	1.8e+09	OK
sv7v_r64_c128_g128_t64_multiwarp_ub	multiwarp_ub	33728	0	527.0	0.85	950	1570.0	0.872	12228	RVEC pipes	1.89	7.789	0.119	6.47e+09	OUTLIER_SLOW
sv7v_r64_c128_g128_t64_reload	reload	32960	0	515.0	0.85	300	906.0	0.503	12782	RVEC pipes	1.84	14.11	0.1111	6.947e+09	OUTLIER_SLOW
sv7v_r64_c128_g64_t64_multiwarp_ub	multiwarp_ub	34688	0	542.0	0.85	950	1588.0	0.882	13570	RVEC pipes	3.62	8.545	0.1088	3.749e+09	OUTLIER_SLOW
sv7v_r64_c128_g64_t64_reload	reload	33152	0	518.0	0.85	300	910.0	0.506	13457	RVEC pipes	4.01	14.79	0.1054	3.356e+09	OUTLIER_SLOW
